天,日期,星期,住宿,类型,里程km,驾驶时长,核心安排,关键节点,备注/重点,
D0,9.24,四(工作日),哈尔滨机场酒店,酒店,0,✈️ 3.5h,深圳宝安机场→哈尔滨太平机场(南航CZ3749 19:00-22:30)→机场酒店过夜(汉庭/锦江之星 24h接驳),深圳宝安机场/哈尔滨太平机场/汉庭酒店,19:00起飞，机场酒店插枪充满电,
D1,9.25,五(中秋),哈尔滨市区,酒店,40,1h,机场取车→哈尔滨一日游(圣索菲亚→中央大街→松花江→太阳岛→啤酒博物馆→老道外),圣索菲亚教堂/中央大街/马迭尔冰棍/太阳岛/啤酒博物馆,9.25中秋末人流中等(国庆40%),
D2,9.26,六(中秋),五大连池,酒店,380,5h(含1次快充),哈尔滨→G1京哈→G1111鹤哈→五大连池(老黑山+北饮泉),哈尔滨北服务区/五大连池收费站/老黑山/北饮泉,7:00出发，13:00抵，下午轻量游,
D3,9.27,日(中秋末),五大连池,酒店(连住),50,内部驾驶,⭐五大连池一日(黑龙山+火烧山+温泊),黑龙山(585m主峰)/火烧山/温泊/南格拉球山可选,9.27中秋末人流少，5池地区不堵,
D4,9.28,一(工作日),伊春,酒店,380,5h(含1次快充),五大连池→G45大广→G1111鹤哈→伊春(下午林都博物馆+兴安国家森林公园),北安服务区/小兴安岭林都博物馆/兴安国家森林公园,8:00出发，16:30抵伊春,
D5,9.29,二(工作日),汤旺河镇,民宿,200,3h,伊春→204省道→五营国家森林公园(红松之王+天赐湖)→汤旺河镇,五营国家森林公园/红松之王2700年/天赐湖,⭐红松之王+火山堰塞湖+彩林倒影三合一,
D6,9.30,三(工作日),嘉荫,酒店,250,3.5h,⭐黄金窗口:汤旺河林海奇石(早进园6:30-8:00免门票+花岗岩石林+红松+落叶松+白桦+彩林)→嘉荫(黑龙江畔+恐龙园),汤旺河林海奇石5A/一线天+雄峰+弥勒顶/嘉荫中俄边境,⭐工作日+中秋末+早进园包场,游客约为国庆10-20%,
D7,10.1,四(国庆),二道白河,酒店,280+50,3.5h+1h(长途)+✈️ 3.5h(含经停),嘉荫→331国道→伊春机场(还车)→✈️伊春→长白山(经停)→二道白河(取车)→美人松公园+长白山博物馆,伊春林都机场/长白山机场/二道白河镇/美人松公园,6:00出发,10:00前到机场,国庆开始涨价,
D8,10.2,五(国庆),二道白河,酒店(连住),80,1h,⭐长白山北坡全天(天池主峰+长白瀑布+绿渊潭+谷底森林+小天池+岳桦双瀑南线),长白山北坡售票处/天池(主峰2691m)/长白瀑布+温泉/绿渊潭/谷底森林,⭐国庆第2天5:30出发避人流,主峰越野车80元必买,
D9,10.3,六(国庆),二道白河,酒店(连住),240,3.5h(单程),二道白河→S303省道→望天鹅/十五道沟(火山玄武岩峡谷+柱状节理+彩林+瀑布+鸭绿江+中朝边境),望天鹅风景区/瀑布群+柱状节理/鸭绿江/对岸朝鲜,小众原生,游客约为长白山5%,
D10,10.4,日(国庆),延吉,酒店,300,4.5h,二道白河→魔界漂流(30min+1h周边)→G11鹤大→延吉(下午延边大学+帽儿山),魔界漂流/图们服务区/延边大学/帽儿山公园,10.4延吉房价未到峰值,300km长途对司机偏重,
D11,10.5,一(国庆),延吉,酒店(连住),0,0km,延吉一日(延边博物馆+水上市场+朝鲜族美食全餐+延吉公园+布尔哈通河夜景),延边博物馆/水上市场/全州拌饭/金达莱冷面/丰茂烤串/元奶奶包饭/布尔哈通河,10.5是延吉房价峰值(450-600元/晚),车不用动,
D12,10.6,二(国庆),延吉,酒店(连住),80,1h(单程),延吉→302国道→图们(中朝边境+口岸+一眼望三国+图们江边+图们公园)→延吉,图们口岸/一眼望三国/图们江边/对岸朝鲜/图们公园,必带身份证(边境检查),10.6延吉房价已回落,
D13,10.7,三(国庆末),家,家,10,30min+✈️ 2.5h,延吉朝阳川机场→还车→✈️延吉→深圳(南航CZ3749 08:00-10:30直飞),延吉朝阳川机场/深圳宝安机场,还车前加满油(异地还车油位一致),
合计,—,—,—,—,2160+2500✈️,—,自驾2160km(远比川西4700km少)+3段飞机2500km,—,3段飞机+8天落地自驾+异地取还车,4人全包约46000元(比川西贵5000-7000元),
