天,日期,星期,住宿地,当日驾驶,核心安排,海拔,预算(2人),住宿类型
D0,9.25,五(中秋假第1天),成都,0km,⭐深圳北🚄G2962 8:30→成都东16:30→酒店办入住→春熙路/宽窄巷子/锦里/火锅(住成都缓冲避夜路),500m,1500,酒店250元
D1,9.26,六(中秋假第2天),康定,350km/4-5h,成都东取车→G5京昆→雅西→雅康→康定(晚19-20点避夜路4-5h),2500m,400,酒店250元
D2,9.27,日(中秋假第3天),新都桥或甲根坝,120km/3-4h,S434全程:红海子+加尕措+雅拉机场+斯丁措+鱼子西/格底拉姆,3400m,600,酒店250元
D3,9.28,一(工作日),沙德镇(民宿),130km/4-5h,甲根坝→月亮湖(末端10km碎石徒步1h)→沙德镇民宿(冷嘎措前进基地,有餐厅+加油站+4G),3700m,500,🏠沙德镇民宿200元
D4,9.29,二(工作日),上木居村(民宿),50km/13-14h,⭐冷嘎措日:帮木吉德5-7km山道徒步2.5-3h上去→冷嘎措环湖→日落金山(全程最高光)→徒步5-7km下→上木居村民宿,4500m,400,🏠上木居村民宿200元
D5,9.30,三(工作日),丹巴/甲居藏寨,175km/4.5h,⭐黄金窗口:上木居村→G215沙德段→G248新都桥→塔公草原→八美石林→丹巴+甲居藏寨日落,2000m,500,民宿/酒店250元
D6,10.1,四(国庆第1天),党岭村,70km/2.5-3h,丹巴→党岭镇→党岭村(自驾20km碎石进村,尊享险已含非铺装小磕碰),下午野温泉+村内游玩,3300m,400,民宿250元
D7,10.2,五(国庆),党岭村,0km,⭐党岭葫芦海+飞机坪全天纯徒步(无摩托无马,党岭村→飞机坪4-5km+飞机坪→葫芦海3-4km+原路返回=13-14km山道),4100m,150,民宿(连住)
D8,10.3,六(国庆),四姑娘山镇,180km/5.5h,⭐自驾党岭出村20km碎石(原路返回,尊享险已含非铺装小磕碰)→小金午餐→四姑娘山镇(猫鼻梁日落),3200m,600,酒店250元
D9,10.4,日(国庆),成都,380km/13h,⭐双桥沟7h玩透→巴朗山→卧龙→直接奔成都(砍都江堰),500m,900,酒店250元
D10,10.5,一(国庆),重庆,+🚄1h23min,⭐成都一日1:熊猫基地+宽窄+锦里→下午高铁G8521 15:23→重庆北(17:00到)+洪崖洞夜游,300m,800,酒店250元
D11,10.6,二(国庆),重庆,0km,⭐重庆一日1:磁器口+长江索道+解放碑+洪崖洞+火锅(玩透D11因D12晚班高铁),300m,500,酒店(连住)
D12,10.7,三(国庆末),家,🚄8h(夜),⭐重庆一日2:川美涂鸦街+鹅岭二厂+山城步道+十八梯→晚班高铁G1314 18:30-02:30(凌晨到深圳),,200,
,9.25-10.7,共13天,11晚全民宿酒店+9天落地自驾,共1200-1300km自驾+2600km高铁(3段共17.5h),,,,
,大交通(主线 3段高铁),,,,,深圳北→成都东1,600+成都东→重庆北308+重庆北→深圳北1,000=2,908,,
,大交通(备选 9.24晚卧铺),,,,,K字头过夜卧铺1,200-1,400/人×2=2,400-2,800(按需切换),,
,落地自驾(含尊享险),,,,,,3500,海狮05DMI 9天全包(含50元/天尊享险已含非铺装小磕碰)
,住宿11晚全民宿酒店,,,,,,2400,250元/晚×8+200元/晚(沙德+上木居)×2-连住250元
,餐饮总包(2,500定档),,,,,,2500,人均96元/天×26人天
,景区+非铺装段(全徒步无摩托+自驾),,,,,,890,红海子+双桥沟+熊猫基地+索道+碉楼+温泉(砍武侯祠+草堂-200,砍摩托-700,砍党岭包车-500)
,床车装备(已取消),,,,,,0,取消所有床车→全民宿酒店
,总预算(2人),,,,,,12,198,比含摩托+包车版省1200
,人均,,,,,,6,099元/人
,9.24晚过夜卧铺备选(按需),,,,,贵400-600元/人,总计3,708-4,108(和机票都差不多),仅适合加班走+票便宜+怕8h坐
,含9.24卧铺备选,,,,,,12,998-13,198,比主线贵800-1,000(卧铺贵400-600元/人)
,徒步特别提示,,,,,,,肾结石用户:无摩托无马,多喝水2-3L/天+不憋尿+慢走,如腰部剧痛立即下撤
